,SOI,nino
1950-01-01,0.5292829916030121,-1.84
1950-02-01,1.5528896179770881,-1.63
1950-03-01,1.7578968385421103,-1.3
1950-04-01,1.6191325202511997,-1.43
1950-05-01,0.8712445829349255,-1.72
1950-06-01,2.811629257459934,-1.17
1950-07-01,2.1906716286130847,-0.86
1950-08-01,1.264818488148623,-0.95
1950-09-01,0.6285835684885123,-1.04
1950-10-01,1.6609125840611871,-0.83
1950-11-01,1.1400304057728947,-1.1
1950-12-01,2.230102316177228,-1.19
1951-01-01,1.6562733919749275,-1.21
1951-02-01,0.8369118398319375,-1.05
1951-03-01,-0.0857877737985624,-0.61
1951-04-01,0.0021000421793003717,-0.56
1951-05-01,-0.5361505125745321,-0.23
1951-06-01,0.604827223988618,-0.23
1951-07-01,-0.7914440283152496,0.44
1951-08-01,-0.012775944324794451,0.43
1951-09-01,-0.7408610123867008,0.69
1951-10-01,-0.7761115040039729,0.64
1951-11-01,-0.4057735342580509,0.74
1951-12-01,-0.3827842177095945,0.43
1952-01-01,-0.879455008861829,0.18
1952-02-01,-0.7213927361310145,-0.04
1952-03-01,0.07224233583061418,-0.01
1952-04-01,-0.6594132443046621,0.08
1952-05-01,0.7148673501005907,0.07
1952-06-01,0.850027449929927,-0.36
1952-07-01,0.40140223445608425,-0.56
1952-08-01,-0.33217455244305805,-0.47
1952-09-01,-0.3836145999845184,-0.29
1952-10-01,0.1749222864604881,-0.25
1952-11-01,-0.14813954425290551,-0.37
1952-12-01,-1.3562125342556497,-0.15
1953-01-01,0.24753539151003315,0.18
1953-02-01,-0.5529273765674159,0.36
1953-03-01,-0.5072013994764664,0.35
1953-04-01,0.07560151845531478,0.4
1953-05-01,-3.0381862379247773,0.38
1953-06-01,-0.1307734538351232,0.33
1953-07-01,-0.06248242328828989,0.24
1953-08-01,-1.673648706540085,0.23
1953-09-01,-1.3362716997238295,0.31
1953-10-01,-0.0033965492515687697,0.23
1953-11-01,-0.2769565392554416,0.23
1953-12-01,-0.4852503562934143,0.3
1954-01-01,0.6231988583006894,0.36
1954-02-01,-0.34234567711296554,0.39
1954-03-01,-0.033111070588876794,-0.12
1954-04-01,0.7371148049391937,-0.93
1954-05-01,0.5584901172660781,-0.85
1954-06-01,-0.049040045188020215,-0.76
1954-07-01,0.4676714712767306,-0.91
1954-08-01,1.0731793232776503,-1.2
1954-09-01,0.3904192935537015,-1.45
1954-10-01,0.17492228646042052,-1.28
1954-11-01,0.30271993825615384,-1.07
1954-12-01,1.2054409303392628,-1.32
1955-01-01,-0.5037915420711727,-1.13
1955-02-01,1.3423079185225897,-0.93
1955-03-01,0.3356258518792817,-0.95
1955-04-01,-0.14490291037272846,-1.14
1955-05-01,1.4185648978553194,-1.25
1955-06-01,1.749094945047874,-1.13
1955-07-01,1.9918639181512208,-0.98
1955-08-01,1.5203373746432771,-1.33
1955-09-01,1.3430763932930123,-1.19
1955-10-01,1.4825937483491305,-2.13
1955-11-01,1.39766439577804,-2.45
1955-12-01,0.8468094452959518,-2.1
1956-01-01,1.1397361251378086,-1.39
1956-02-01,1.0896098791772395,-0.83
1956-03-01,0.9677462903961078,-0.71
1956-04-01,1.1046221863192658,-0.83
1956-05-01,1.8876965963584125,-0.68
1956-06-01,1.340427901812452,-0.7
1956-07-01,1.329171549944908,-0.91
1956-08-01,1.1370590449012594,-1.02
1956-09-01,-0.026368187582268277,-0.92
1956-10-01,1.7797918078692023,-0.95
1956-11-01,0.10949444575223988,-1.1
1956-12-01,0.9492755838797716,-0.98
1957-01-01,0.5762409249518508,-0.58
1957-02-01,-0.21599665744031446,-0.25
1957-03-01,-0.033111070588816904,0.32
1957-04-01,0.22260447100726,0.55
1957-05-01,-1.0834708274949258,0.68
1957-06-01,-0.1307734538351232,0.59
1957-07-01,0.13632528717357398,0.83
1957-08-01,-0.9070920470560486,0.82
1957-09-01,-1.0981074247889508,0.71
1957-10-01,-0.12227577305965172,0.7
1957-11-01,-1.2430840017747915,1.06
1957-12-01,-0.4340172870015044,1.4
1958-01-01,-1.6307819424430885,1.7
1958-02-01,-0.6371600563492152,1.59
1958-03-01,-0.08578777379862228,1.01
1958-04-01,0.22260447100726,0.55
1958-05-01,-0.6925277454089556,0.44
1958-06-01,0.11442677210609288,0.36
1958-07-01,0.2688637608148668,0.2
1958-08-01,0.8176604367829232,-0.03
1958-09-01,-0.3836145999845184,-0.32
1958-10-01,-0.1817153849636932,-0.18
1958-11-01,-0.5345905292606602,0.16
1958-12-01,-0.7414157027528473,0.09
1959-01-01,-0.8324970755129903,0.47
1959-02-01,-1.2689051547126142,0.42
1959-03-01,0.8623928839766168,0.22
1959-04-01,0.4431088998353032,0.14
1959-05-01,0.40211288443174337,-0.11
1959-06-01,-0.5394404970704524,-0.35
1959-07-01,-0.4600978442120929,-0.72
1959-08-01,-0.4599339956904216,-0.61
1959-09-01,-0.026368187582268277,-0.65
1959-10-01,0.4126807340765865,-0.36
1959-11-01,1.0112134107702853,-0.41
1959-12-01,0.7443433067121903,-0.25
1960-01-01,0.059703658114731675,-0.42
1960-02-01,-0.21599665744031446,-0.56
1960-03-01,0.5990093679279492,-0.36
1960-04-01,0.8106162812152081,-0.29
1960-05-01,0.6366787336832901,-0.29
1960-06-01,-0.1307734538351232,-0.45
1960-07-01,0.533940708097377,-0.21
1960-08-01,0.6899009935356323,-0.08
1960-09-01,0.6285835684885123,-0.23
1960-10-01,-0.06283616115567782,-0.43
1960-11-01,0.6247624257626039,-0.39
1960-12-01,0.5906440988364605,-0.28
1961-01-01,-0.22204394197824726,-0.29
1961-02-01,0.5420974605956878,-0.22
1961-03-01,-1.9821490893489808,-0.33
1961-04-01,0.9576192337672368,-0.29
1961-05-01,0.2457356515973197,-0.06
1961-06-01,-0.2125068624821333,0.17
1961-07-01,0.26886376081479146,-0.12
1961-08-01,0.051103777298887314,-0.5
1961-09-01,0.03317288115145136,-0.85
1961-10-01,-0.478913444483833,-0.85
1961-11-01,0.6247624257626039,-0.53
1961-12-01,1.3079070689230243,-0.49
1962-01-01,1.703231325323713,-0.55
1962-02-01,0.4578647808138885,-0.55
1962-03-01,-0.0857877737985624,-0.53
1962-04-01,0.22260447100726,-0.57
1962-05-01,1.340376281438019,-0.68
1962-06-01,0.604827223988618,-0.51
1962-07-01,0.0037868135323565174,-0.35
1962-08-01,0.49826182866458707,-0.41
1962-09-01,0.4499603622873534,-0.75
1962-10-01,1.007076853116866,-0.73
1962-11-01,0.4315369332586899,-0.85
1962-12-01,-0.024152732666283448,-0.94
1963-01-01,0.9519043917425072,-0.81
1963-02-01,0.247283081359486,-0.44
1963-03-01,0.7570394775571259,-0.01
1963-04-01,0.6636133286632628,0.07
1963-05-01,0.40211288443174337,-0.2
1963-06-01,-0.8663741316588643,-0.0
1963-07-01,-0.06248242328836522,0.62
1963-08-01,-0.2044151091956945,0.7
1963-09-01,-0.5622378061856096,0.64
1963-10-01,-1.2516283992362371,0.77
1963-11-01,-0.9854500117696464,0.87
1963-12-01,-1.253746395671888,1.02
1964-01-01,-0.36291774202471005,0.76
1964-02-01,-0.04753129787676371,0.44
1964-03-01,0.8623928839766168,-0.22
1964-04-01,1.3251266151472254,-0.73
1964-05-01,0.40211288443174337,-0.97
1964-06-01,0.850027449929927,-1.03
1964-07-01,0.7327484185592409,-0.86
1964-08-01,1.4564576530195956,-1.19
1964-09-01,1.3430763932930123,-1.34
1964-10-01,1.2448353007329644,-1.25
1964-11-01,0.17390294325361774,-1.34
1964-12-01,-0.3827842177095945,-1.27
1965-01-01,-0.36291774202471005,-0.89
1965-02-01,0.12093406168678705,-0.46
1965-03-01,0.3356258518792817,-0.21
1965-04-01,-1.0269206256846506,-0.18
1965-05-01,0.08935841876298495,0.15
1965-06-01,-1.1933077662471834,0.5
1965-07-01,-2.2493672383691687,0.74
1965-08-01,-1.0987312119270942,1.14
1965-09-01,-1.455353837191201,1.2
1965-10-01,-1.0733095635241128,1.47
1965-11-01,-1.8227604792863872,1.56
1965-12-01,0.0783134059174781,1.38
1966-01-01,-1.1612026089548078,1.08
1966-02-01,-0.3844620170039131,0.83
1966-03-01,-1.297351947622469,0.89
1966-04-01,-0.5124102917527169,0.45
1966-05-01,-0.7707163618261674,-0.24
1966-06-01,0.1961601807532888,0.08
1966-07-01,-0.06248242328828989,0.14
1966-08-01,0.4343821070409053,-0.28
1966-09-01,-0.2645324625170791,-0.34
1966-10-01,-0.2411549968677347,-0.39
1966-11-01,-0.08373104675160085,-0.32
1966-12-01,-0.4852503562934143,-0.48
1967-01-01,1.4684416585795728,-0.49
1967-02-01,1.1317262190681392,-0.48
1967-03-01,0.8097161807668714,-0.66
1967-04-01,-0.14490291037272846,-0.89
1967-05-01,-0.2233960469058624,-0.42
1967-06-01,0.7682940412828241,-0.07
1967-07-01,0.2025945239942204,-0.11
1967-08-01,0.6260212719119506,-0.31
1967-09-01,0.4499603622874211,-0.72
1967-10-01,-0.0033965492515687697,-0.6
1967-11-01,-0.4701820317592823,-0.47
1967-12-01,-0.6389495641690275,-0.59
1968-01-01,0.4353671249053345,-0.89
1968-02-01,0.8369118398319375,-1.04
1968-03-01,-0.24381788342779884,-0.95
1968-04-01,-0.14490291037272846,-0.71
1968-05-01,1.574942130689654,-0.76
1968-06-01,1.340427901812359,-0.0
1968-07-01,0.799017655379812,0.33
1968-08-01,0.051103777298887314,0.19
1968-09-01,-0.32407353125079874,0.07
1968-10-01,-0.1817153849636932,0.2
1968-11-01,-0.4057735342579777,0.65
1968-12-01,0.129546475209388,0.73
1969-01-01,-1.3020764090012706,0.88
1969-02-01,-0.6371600563492152,1.12
1969-03-01,0.23027244545985065,0.69
1969-04-01,-0.6594132443046621,0.6
1969-05-01,-0.5361505125746208,0.59
1969-06-01,0.03269336345898987,0.3
1969-07-01,-0.6589055546740321,0.02
1969-08-01,-0.39605427406673976,0.23
1969-09-01,-1.0981074247889508,0.51
1969-10-01,-1.1327491754281542,0.72
1969-11-01,-0.08373104675160085,0.61
1969-12-01,0.2832456830851177,0.61
1970-01-01,-0.9733708755595064,0.38
1970-02-01,-0.9740907754763646,0.2
1970-03-01,0.23027244545979075,0.02
1970-04-01,-0.29190586292475723,0.16
1970-05-01,0.3239242680145316,-0.14
1970-06-01,1.095227675871143,-0.55
1970-07-01,-0.5263670810327393,-0.8
1970-08-01,0.4343821070409053,-1.07
1970-09-01,1.2239942558255732,-0.96
1970-10-01,1.0070768531167986,-1.0
1970-11-01,1.8485238782870996,-0.9
1970-12-01,1.6665385539663935,-1.22
1971-01-01,0.29449332485887186,-1.58
1971-02-01,1.3844242584134894,-1.43
1971-03-01,1.9159269481712868,-1.23
1971-04-01,2.1336428541832166,-1.02
1971-05-01,1.027621815769349,-0.85
1971-06-01,0.3596269980474019,-0.99
1971-07-01,0.2025945239942204,-0.99
1971-08-01,1.5203373746432771,-0.94
1971-09-01,1.5216995994941038,-0.88
1971-10-01,1.720352195965161,-1.13
1971-11-01,0.6247624257626039,-1.04
1971-12-01,0.12954647520944626,-1.14
1972-01-01,0.3884091915565493,-0.83
1972-02-01,0.7105628201592386,-0.41
1972-03-01,0.28294914866953624,-0.12
1972-04-01,-0.3654073392007716,0.13
1972-05-01,-1.474413909580896,0.35
1972-06-01,-1.1115743576000805,0.54
1972-07-01,-1.851751817445366,0.9
1972-08-01,-0.8432123254323669,1.17
1972-09-01,-1.5148949059249206,1.27
1972-10-01,-1.0733095635241128,1.68
1972-11-01,-0.4057735342579777,1.96
1972-12-01,-1.3049794649637396,2.12
1973-01-01,-0.26900187532703257,1.77
1973-02-01,-1.2267888148216668,1.17
1973-03-01,0.12491903904035967,0.39
1973-04-01,-0.07140143409671403,-0.41
1973-05-01,0.40211288443174337,-0.79
1973-06-01,1.340427901812452,-0.95
1973-07-01,0.6664791817385946,-1.33
1973-08-01,1.264818488148623,-1.47
1973-09-01,1.2835353245592929,-1.51
1973-10-01,0.9476372412128248,-1.76
1973-11-01,3.007876833310364,-2.24
1973-12-01,1.6153054846744257,-2.25
1974-01-01,2.078894792114316,-2.15
1974-02-01,1.426540598304389,-1.71
1974-03-01,2.021280354590778,-1.42
1974-04-01,1.1046221863192658,-1.17
1974-05-01,1.183999048603684,-1.07
1974-06-01,0.3596269980474019,-0.98
1974-07-01,1.2629023131242614,-0.8
1974-08-01,0.6899009935355597,-0.56
1974-09-01,1.1644531870918535,-0.59
1974-10-01,0.8287580174047416,-0.87
1974-11-01,-0.2125480417541369,-1.11
1974-12-01,-0.17785194054201314,-0.99
1975-01-01,-0.4568336087223874,-0.49
1975-02-01,0.4578647808139364,-0.61
1975-03-01,1.1784531032350298,-0.89
1975-04-01,1.3986280914232398,-0.81
1975-05-01,0.7148673501005018,-0.94
1975-06-01,1.6673615364007712,-1.4
1975-07-01,2.19067162861316,-1.3
1975-08-01,2.095254869256341,-1.46
1975-09-01,2.1766513555648843,-1.62
1975-10-01,1.7203521959652288,-1.92
1975-11-01,1.2688474007755042,-1.64
1975-12-01,1.8714708311339168,-1.93
1976-01-01,1.186694058486594,-1.95
1976-02-01,1.1317262190681872,-1.25
1976-03-01,1.3364832128642063,-0.72
1976-04-01,0.22260447100726,-0.8
1976-05-01,0.3239242680145316,-0.64
1976-06-01,0.1144267721061858,-0.35
1976-07-01,-1.2553286860596988,-0.02
1976-08-01,-1.1626109335507755,0.16
1976-09-01,-1.3362716997237618,0.3
1976-10-01,0.2938015102685035,0.7
1976-11-01,0.8823964157677493,0.68
1976-12-01,-0.3827842177095945,0.48
1977-01-01,-0.36291774202471005,0.64
1977-02-01,0.6684464802683389,0.32
1977-03-01,-0.875938321944625,0.24
1977-04-01,-0.7329147205806765,-0.18
1977-05-01,-1.0052822110777142,0.06
1977-06-01,-1.6837082181297085,0.27
1977-07-01,-1.4541363965216385,0.28
1977-08-01,-1.1626109335507755,-0.0
1977-09-01,-0.9790252873215792,0.38
1977-10-01,-1.2516283992361696,0.59
1977-11-01,-1.5007179917799371,0.54
1977-12-01,-1.1512802570880682,0.68
1978-01-01,-0.2690018753270859,0.65
1978-02-01,-2.1954646323121194,0.34
1978-03-01,-0.5072013994764664,-0.09
1978-04-01,-0.5859117680287312,-0.54
1978-05-01,1.7313193635240778,-0.55
1978-06-01,0.6865606326357211,-0.53
1978-07-01,0.6664791817385946,-0.47
1978-08-01,0.17886322054625084,-0.7
1978-09-01,0.03317288115145136,-0.62
1978-10-01,-0.5977926682918484,-0.38
1978-11-01,-0.2769565392554416,-0.3
1978-12-01,-0.17785194054195488,-0.2
1979-01-01,-0.36291774202471005,-0.22
1979-02-01,0.5842138004865874,-0.22
1979-03-01,-0.24381788342779884,0.15
1979-04-01,-0.3654073392007716,0.07
1979-05-01,0.4803015008488663,-0.17
1979-06-01,0.6865606326357211,-0.14
1979-07-01,-0.7914440283153249,-0.33
1979-08-01,-0.4599339956903489,-0.16
1979-09-01,0.0927139498851033,0.33
1979-10-01,-0.2411549968677347,0.22
1979-11-01,-0.5345905292606602,0.35
1979-12-01,-0.8438818413366671,0.4
1980-01-01,0.3414512582077105,0.43
1980-02-01,0.07881772179593527,0.2
1980-03-01,-0.7705849155251341,0.05
1980-04-01,-1.026920625684734,-0.01
1980-05-01,-0.22339604690577347,0.07
1980-06-01,-0.3759736797763393,0.3
1980-07-01,-0.12875166010901162,0.07
1980-08-01,0.17886322054625084,-0.31
1980-09-01,-0.5622378061856096,-0.26
1980-10-01,-0.1817153849637608,-0.27
1980-11-01,-0.4057735342580509,-0.11
1980-12-01,-0.17785194054195488,-0.1
1981-01-01,0.29449332485887186,-0.5
1981-02-01,-0.30022933722211376,-0.7
1981-03-01,-1.5607354636711366,-0.58
1981-04-01,-0.3654073392006881,-0.48
1981-05-01,0.8712445829349255,-0.5
1981-06-01,1.258694493165349,-0.34
1981-07-01,0.9978253658417512,-0.62
1981-08-01,0.6260212719119506,-0.68
1981-09-01,0.6881246372221642,-0.29
1981-10-01,-0.478913444483833,-0.26
1981-11-01,0.17390294325361774,-0.33
1981-12-01,0.3857118216688792,-0.22
1982-01-01,0.9519043917424536,0.02
1982-02-01,0.0367013819050356,-0.12
1982-03-01,0.28294914866953624,0.03
1982-04-01,-0.21840438664874284,0.11
1982-05-01,-0.6925277454089556,0.51
1982-06-01,-1.9289084440709243,0.63
1982-07-01,-1.9180210542660123,0.37
1982-08-01,-2.312445922776757,0.71
1982-09-01,-2.1698466619956336,1.38
1982-10-01,-1.964903742084532,1.89
1982-11-01,-3.1109304293122606,1.98
1982-12-01,-2.227174712217885,2.25
1983-01-01,-2.9925620095590912,2.26
1983-02-01,-2.995675090239069,1.92
1983-03-01,-2.6669462310755523,1.43
1983-04-01,-1.3944280070647226,0.94
1983-05-01,0.7148673501005018,0.91
1983-06-01,-0.2125068624821333,0.58
1983-07-01,-0.7251747914946032,-0.1
1983-08-01,0.051103777298887314,-0.42
1983-09-01,0.9262889121570428,-0.64
1983-10-01,0.4126807340765865,-1.03
1983-11-01,-0.14813954425290551,-1.19
1983-12-01,-0.07538580195819335,-0.87
1984-01-01,0.15361952481235572,-0.53
1984-02-01,0.499981120704836,-0.11
1984-03-01,-0.5072013994764664,-0.28
1984-04-01,0.29610594728327444,-0.5
1984-05-01,0.08935841876298495,-0.6
1984-06-01,-0.7846407230118543,-0.74
1984-07-01,0.26886376081479146,-0.44
1984-08-01,0.3066226637936144,-0.26
1984-09-01,0.15225501861882293,-0.39
1984-10-01,-0.478913444483833,-0.64
1984-11-01,0.30271993825615384,-1.13
1984-12-01,-0.22908500983392305,-1.31
1985-01-01,-0.31595980867592466,-1.1
1985-02-01,0.5842138004865874,-0.72
1985-03-01,-0.13846447700830788,-0.8
1985-04-01,1.3986280914232398,-0.87
1985-05-01,0.40211288443174337,-0.82
1985-06-01,-0.8663741316588643,-0.77
1985-07-01,-0.1950208969295827,-0.64
1985-08-01,0.8815401584066049,-0.65
1985-09-01,-0.026368187582268277,-0.74
1985-10-01,-0.5383530563878746,-0.56
1985-11-01,-0.2125480417541369,-0.35
1985-12-01,0.129546475209388,-0.5
1986-01-01,0.8110305916959376,-0.63
1986-02-01,-0.9740907754763168,-0.57
1986-03-01,0.12491903904035967,-0.34
1986-04-01,0.22260447100726,-0.15
1986-05-01,-0.5361505125746208,-0.34
1986-06-01,1.1769610845182459,-0.13
1986-07-01,0.2688637608148668,0.1
1986-08-01,-0.7154528821850759,0.28
1986-09-01,-0.5622378061856096,0.53
1986-10-01,0.5909995697886433,0.81
1986-11-01,-1.4363094942786323,0.94
1986-12-01,-1.4586786728394694,1.06
1987-01-01,-0.5977074087688502,1.15
1987-02-01,-1.1425561350399154,1.19
1987-03-01,-1.5607354636711366,1.16
1987-04-01,-2.055941293548685,0.89
1987-05-01,-2.02173422450129,0.79
1987-06-01,-1.9289084440710176,0.98
1987-07-01,-1.851751817445366,1.24
1987-08-01,-1.3542500984217485,1.55
1987-09-01,-1.1576484935226703,1.59
1987-10-01,-0.5383530563878746,1.29
1987-11-01,-0.2125480417541369,1.2
1987-12-01,-0.536483425585266,0.91
1988-01-01,-0.08117014193173107,0.82
1988-02-01,-0.4686946967856645,0.19
1988-03-01,0.2829491486695961,0.12
1988-04-01,0.002100042179216811,-0.23
1988-05-01,1.1058104321865612,-0.94
1988-06-01,-0.2942402711292363,-1.48
1988-07-01,1.1966330763036903,-1.62
1988-08-01,1.5203373746432771,-1.22
1988-09-01,1.9384870806300056,-1.11
1988-10-01,1.423154136445021,-1.97
1988-11-01,1.9773408732897089,-2.01
1988-12-01,1.0005086531716816,-2.01
1989-01-01,1.32756785853311,-1.98
1989-02-01,0.7947954999410378,-1.49
1989-03-01,0.7043627743474402,-1.21
1989-04-01,1.986639901631188,-0.96
1989-05-01,1.574942130689654,-0.74
1989-06-01,0.850027449929927,-0.46
1989-07-01,0.9978253658417512,-0.48
1989-08-01,-0.5876934389377124,-0.5
1989-09-01,0.509501431021073,-0.36
1989-10-01,0.7098787935967262,-0.48
1989-11-01,-0.27695653925551483,-0.44
1989-12-01,-0.5877164948771758,-0.11
1990-01-01,-0.08117014193173107,-0.05
1990-02-01,-1.563719533948816,0.2
1990-03-01,-0.7705849155250741,0.06
1990-04-01,0.0756015184552312,0.14
1990-05-01,1.4185648978553194,0.17
1990-06-01,0.1961601807532888,-0.06
1990-07-01,0.6002099449180235,0.14
1990-08-01,-0.4599339956904216,0.23
1990-09-01,-0.8004020811204204,0.13
1990-10-01,0.1749222864604881,0.22
1990-11-01,-0.5989990267618917,0.15
1990-12-01,-0.33155114841768457,0.28
1991-01-01,0.5292829916030121,0.39
1991-02-01,0.0367013819050356,0.29
1991-03-01,-0.9812917283640559,0.06
1991-04-01,-1.0269206256846506,0.31
1991-05-01,-1.7871683752497434,0.45
1991-06-01,-0.4577070884234423,0.72
1991-07-01,-0.1287516601089363,0.89
1991-08-01,-0.7154528821850759,0.8
1991-09-01,-1.693518112126012,0.59
1991-10-01,-1.2516283992362371,0.83
1991-11-01,-0.7922245192658056,1.2
1991-12-01,-1.766077088590812,1.63
1992-01-01,-2.476024742721972,1.69
1992-02-01,-0.8477417558037135,1.6
1992-03-01,-2.2982093086073943,1.33
1992-04-01,-1.5414309596166678,1.26
1992-05-01,0.16754703518010788,1.1
1992-06-01,-1.1933077662471834,0.66
1992-07-01,-0.6589055546740321,0.28
1992-08-01,0.17886322054632348,0.03
1992-09-01,0.03317288115145136,-0.16
1992-10-01,-1.6677056825644598,-0.39
1992-11-01,-0.7922245192658056,-0.13
1992-12-01,-0.6389495641690275,0.03
1993-01-01,-0.7855391421641517,0.2
1993-02-01,-0.7213927361310145,0.37
1993-03-01,-0.7705849155251341,0.38
1993-04-01,-1.7619353884446274,0.7
1993-05-01,-0.6925277454089556,0.79
1993-06-01,-1.5202414008355023,0.39
1993-07-01,-1.0565209755978353,0.31
1993-08-01,-1.4820095416690393,0.08
1993-09-01,-0.8004020811204204,0.31
1993-10-01,-1.3110680111402109,0.22
1993-11-01,-0.019322549250296202,0.19
1993-12-01,0.0783134059174781,0.1
1994-01-01,-0.12812807528062314,0.07
1994-02-01,0.0367013819050356,0.14
1994-03-01,-0.9812917283640559,0.2
1994-04-01,-1.9089383409966565,0.33
1994-05-01,-1.1616594439121375,0.36
1994-06-01,-0.9481075403059672,0.4
1994-07-01,-1.785482580624795,0.39
1994-08-01,-1.673648706540085,0.47
1994-09-01,-1.7530591808597316,0.42
1994-10-01,-1.3705076230442526,0.75
1994-11-01,-0.7922245192657323,1.22
1994-12-01,-1.2537463956718298,1.33
1995-01-01,-0.36291774202471005,1.07
1995-02-01,-0.30022933722211376,0.84
1995-03-01,0.3356258518792817,0.58
1995-04-01,-1.173923578236763,0.37
1995-05-01,-0.7707163618261674,-0.04
1995-06-01,-0.049040045188020215,0.11
1995-07-01,0.4676714712766553,-0.04
1995-08-01,0.11498349892256908,-0.51
1995-09-01,0.21179608735254254,-0.62
1995-10-01,-0.1222757730597193,-0.71
1995-11-01,0.04508594825100845,-0.91
1995-12-01,-0.5877164948771758,-0.82
1996-01-01,0.8579885250447763,-0.84
1996-02-01,0.03670138190498772,-0.85
1996-03-01,0.6516860711376947,-0.6
1996-04-01,0.8106162812152081,-0.38
1996-05-01,0.2457356515973197,-0.26
1996-06-01,1.4221613104595547,-0.2
1996-07-01,0.7327484185592409,-0.26
1996-08-01,0.49826182866458707,-0.18
1996-09-01,0.6285835684885123,-0.39
1996-10-01,0.4126807340765865,-0.3
1996-11-01,-0.08373104675160085,-0.3
1996-12-01,0.7955763760040421,-0.56
1997-01-01,0.4823250582542267,-0.58
1997-02-01,1.1738425589590868,-0.37
1997-03-01,-0.7179082123153885,-0.2
1997-04-01,-1.3944280070647226,0.18
1997-05-01,-2.021734224501201,0.72
1997-06-01,-2.3375754873064394,1.17
1997-07-01,-0.9902517387771136,1.58
1997-08-01,-1.929167593034739,1.76
1997-09-01,-1.5148949059249206,2.06
1997-10-01,-1.6677056825643923,2.35
1997-11-01,-1.4363094942787056,2.39
1997-12-01,-0.9975810492123968,2.36
1998-01-01,-2.3351509426755093,2.31
1998-02-01,-1.7321848935123667,1.88
1998-03-01,-2.7722996374949838,1.33
1998-04-01,-2.1294427698247,0.85
1998-05-01,0.16754703518019678,0.56
1998-06-01,1.095227675871143,-0.28
1998-07-01,1.5279792604068472,-0.76
1998-08-01,1.0092996016539686,-1.01
1998-09-01,1.0453710496244144,-1.17
1998-10-01,1.06651646502084,-1.33
1998-11-01,1.140030405772968,-1.25
1998-12-01,1.2566739996311729,-1.57
1999-01-01,1.56235752527725,-1.71
1999-02-01,0.7105628201592386,-1.25
1999-03-01,0.9150695871863624,-0.9
1999-04-01,1.6926339965272137,-0.88
1999-05-01,0.16754703518010788,-0.92
1999-06-01,0.1144267721061858,-1.03
1999-07-01,0.6002099449179481,-1.0
1999-08-01,0.2427429421699326,-1.11
1999-09-01,-0.08590925631592021,-1.06
1999-10-01,0.8881976293087831,-1.17
1999-11-01,1.1400304057728947,-1.54
1999-12-01,1.2054409303392628,-1.72
2000-01-01,0.5292829916030121,-1.79
2000-02-01,1.1317262190681392,-1.6
2000-03-01,0.9677462903961078,-1.06
2000-04-01,1.6191325202512834,-0.81
2000-05-01,0.4803015008489552,-0.81
2000-06-01,-0.4577070884234423,-0.72
2000-07-01,-0.3275593705708755,-0.59
2000-08-01,0.5621415502882688,-0.47
2000-09-01,0.9262889121570428,-0.51
2000-10-01,0.9476372412128248,-0.67
2000-11-01,2.106157868292245,-0.73
2000-12-01,0.6931102374202803,-0.86
2001-01-01,0.8579885250447763,-0.74
2001-02-01,1.0474935392863878,-0.58
2001-03-01,0.7043627743473804,-0.44
2001-04-01,0.1491029947312456,-0.41
2001-05-01,-0.7707163618261674,-0.21
2001-06-01,0.27789358940029885,-0.08
2001-07-01,-0.3275593705708755,0.1
2001-08-01,-0.8432123254323669,0.03
2001-09-01,0.09271394988517098,-0.08
2001-10-01,-0.1817153849636932,-0.12
2001-11-01,0.6247624257626039,-0.26
2001-12-01,-0.9975810492123384,-0.36
2002-01-01,0.29449332485887186,-0.18
2002-02-01,0.6684464802683867,-0.0
2002-03-01,-0.4545246962667209,0.15
2002-04-01,-0.21840438664874284,0.2
2002-05-01,-1.3180366767464724,0.52
2002-06-01,-0.5394404970705453,0.79
2002-07-01,-0.7251747914946786,0.75
2002-08-01,-1.4181298200453576,0.73
2002-09-01,-0.8004020811204882,0.92
2002-10-01,-0.7166718920999314,1.16
2002-11-01,-0.6634075242631963,1.4
2002-12-01,-1.1512802570880682,1.4
2003-01-01,-0.1750860086294085,1.01
2003-02-01,-0.6792763962401148,0.8
2003-03-01,-0.6125548058958975,0.52
2003-04-01,-0.3654073392006881,-0.05
2003-05-01,-0.6143391289917437,-0.49
2003-06-01,-1.1933077662471834,-0.12
2003-07-01,0.3351329976355132,0.38
2003-08-01,-0.14053538757208536,0.4
2003-09-01,-0.2645324625170791,0.28
2003-10-01,-0.1817153849636932,0.55
2003-11-01,-0.4057735342580509,0.4
2003-12-01,0.8468094452960101,0.37
2004-01-01,-1.1142446756059692,0.24
2004-02-01,0.7947954999410378,0.23
2004-03-01,0.07224233583061418,0.07
2004-04-01,-1.2474250545126937,0.12
2004-05-01,1.4185648978553194,0.12
2004-06-01,-1.4385079921883994,0.26
2004-07-01,-0.6589055546740321,0.59
2004-08-01,-0.7154528821850759,0.75
2004-09-01,-0.32407353125079874,0.77
2004-10-01,-0.36003422067581764,0.77
2004-11-01,-0.9210415142683416,0.65
2004-12-01,-0.8951149106285771,0.71
2005-01-01,0.20057745816119446,0.64
2005-02-01,-2.5745116913301684,0.34
2005-03-01,0.07224233583061418,0.31
2005-04-01,-0.8799176731327053,0.23
2005-05-01,-1.3180366767465612,0.39
2005-06-01,0.3596269980474019,0.3
2005-07-01,0.13632528717349865,0.17
2005-08-01,-0.6515731605613942,0.19
2005-09-01,0.33087822481998186,-0.02
2005-10-01,1.06651646502084,-0.07
2005-11-01,-0.2769565392554416,-0.6
2005-12-01,-0.07538580195819335,-0.88
2006-01-01,1.2806099251842713,-1.01
2006-02-01,-0.005414957985864055,-0.68
2006-03-01,1.3891599160739518,-0.52
2006-04-01,1.3986280914232398,-0.25
2006-05-01,-0.8489049782433792,0.0
2006-06-01,-0.5394404970704524,0.14
2006-07-01,-0.7251747914946032,0.09
2006-08-01,-1.5458892632927936,0.33
2006-09-01,-0.6217788749193293,0.49
2006-10-01,-1.5488264587563771,0.69
2006-11-01,-0.21254804175421016,1.08
2006-12-01,-0.43401728700144615,1.18
2007-01-01,-0.6916232754665276,0.71
2007-02-01,-0.2581129973312141,0.16
2007-03-01,-0.08578777379862228,-0.07
2007-04-01,-0.14490291037272846,-0.25
2007-05-01,-0.14520743048865056,-0.36
2007-06-01,0.6048272239887108,-0.15
2007-07-01,-0.4600978442121683,-0.34
2007-08-01,0.3066226637936144,-0.63
2007-09-01,0.09271394988517098,-0.85
2007-10-01,0.5315599578846019,-1.03
2007-11-01,0.8179879182665178,-1.26
2007-12-01,1.3591401382149342,-1.3
2008-01-01,1.421483725230734,-1.59
2008-02-01,1.889820337104141,-1.64
2008-03-01,1.2311298064447154,-1.16
2008-04-01,0.5166103761113177,-0.83
2008-05-01,-0.2233960469058624,-0.72
2008-06-01,0.5230938153415149,-0.55
2008-07-01,0.2688637608148668,-0.28
2008-08-01,0.9454198800302868,-0.12
2008-09-01,1.2835353245592929,-0.12
2008-10-01,1.304274912637006,-0.12
2008-11-01,1.5908898882819542,-0.41
2008-12-01,1.2054409303392628,-0.81
2009-01-01,0.9519043917424536,-0.95
2009-02-01,1.30019157863169,-0.74
2009-03-01,0.07224233583061418,-0.54
2009-04-01,0.8841177574913059,-0.16
2009-05-01,-0.5361505125746208,0.24
2009-06-01,-0.1307734538351232,0.43
2009-07-01,0.26886376081479146,0.53
2009-08-01,-0.39605427406673976,0.6
2009-09-01,0.33087822481998186,0.71
2009-10-01,-1.4299472349482938,0.99
2009-11-01,-0.727816021764501,1.54
2009-12-01,-0.7926487720447571,1.79
2010-01-01,-0.9733708755594532,1.58
2010-02-01,-1.3110214946034657,1.32
2010-03-01,-1.0339684315738016,1.0
2010-04-01,1.4721295676991706,0.64
2010-05-01,1.105810432186472,0.11
2010-06-01,0.27789358940029885,-0.46
2010-07-01,2.124402391792514,-0.9
2010-08-01,1.9036157043852229,-1.3
2010-09-01,2.414815630499695,-1.52
2010-10-01,1.7797918078692705,-1.52
2010-11-01,1.5264813907806494,-1.42
2010-12-01,2.6399668705124486,-1.41
2011-01-01,1.984978925416692,-1.59
2011-02-01,1.974053016885941,-1.15
2011-03-01,2.126633761010269,-0.96
2011-04-01,2.4276487592871905,-0.6
2011-05-01,0.3239242680145316,-0.25
2011-06-01,0.1144267721061858,-0.05
2011-07-01,1.1303638394829687,-0.19
2011-08-01,0.2427429421699326,-0.39
2011-09-01,1.104912118358134,-0.65
2011-10-01,0.7098787935967262,-0.8
2011-11-01,1.2044389032741991,-1.03
2011-12-01,2.230102316177228,-1.08
2012-01-01,0.9519043917424536,-0.83
2012-02-01,0.20516674146853844,-0.67
2012-03-01,0.3356258518792817,-0.41
2012-04-01,-0.5124102917527169,-0.27
2012-05-01,-0.14520743048856166,-0.2
2012-06-01,-0.9481075403058744,-0.0
2012-07-01,-0.1287516601089363,0.09
2012-08-01,-0.4599339956904216,0.28
2012-09-01,0.21179608735254254,0.78
2012-10-01,0.2343618983645296,0.58
2012-11-01,0.3671284357574585,0.47
2012-12-01,-0.6901826334609956,-0.46
2013-01-01,-0.08117014193173107,-0.79
2013-02-01,-0.3423456771130134,-0.63
2013-03-01,1.0730996968155389,-0.45
2013-04-01,0.1491029947312456,0.01
2013-05-01,0.9494331993521372,-0.12
2013-06-01,1.5038947191065648,-0.3
2013-07-01,0.8652868922005337,-0.33
2013-08-01,-0.012775944324721828,-0.37
2013-09-01,0.33087822481998186,-0.27
2013-10-01,-0.1817153849637608,-0.13
2013-11-01,0.8179879182664446,-0.19
2013-12-01,-0.02415273266634169,-0.49
2014-01-01,1.2336519918354325,-0.64
2014-02-01,-0.131763977658563,-0.77
2014-03-01,-1.2446752444127236,-0.48
2014-04-01,0.8841177574912225,-0.13
2014-05-01,0.5584901172660781,0.24
2014-06-01,-0.049040045188020215,0.11
2014-07-01,-0.2612901337502291,0.01
2014-08-01,-1.0987312119270942,-0.11
2014-09-01,-0.8004020811204204,0.17
2014-10-01,-0.7761115040039729,0.46
2014-11-01,-1.049858509270951,0.83
2014-12-01,-0.6389495641690857,0.66
2015-01-01,-0.7385812088153663,0.52
2015-02-01,0.0367013819050356,0.47
2015-03-01,-1.0339684315738016,0.5
2015-04-01,-0.21840438664874284,0.81
2015-05-01,-1.2398480603293496,0.91
2015-06-01,-1.1115743576000805,1.07
2015-07-01,-1.4541363965215632,1.36
2015-08-01,-1.929167593034739,1.59
2015-09-01,-1.8126002495934512,1.85
2015-10-01,-1.964903742084532,2.0
